"constituency_code","constituency_name_eng","results_status","general_seats","female_seats","pc_plan_count","pc_reporting_count","pc_reporting_pct","ps_plan_count","ps_reporting_count","ps_reporting_pct","candidate_count","total_votes","total_votes_winner","winner_votes_pct","total_votes_loser","loser_votes_pct","runup_threshold_MOV","runup_threshold_pct","mean_candidate_threshold_MOV","med_candidate_threshold_MOV","prelim_winners_to_losers","prelim_losers_to_winners","incumbent_re_run","incumbent_re_run_pct_all","incumbent_re_run_male","incumbent_re_run_pct_male","incumbent_re_run_fem","incumbent_re_run_pct_fem","incumbent_won_again","returned_winners_pct_all","incumbent_won_again_male","returned_winners_pct_male","incumbent_won_again_fem","returned_winners_pct_fem","mean_candidate_pct","mean_male_candidate_pct","mean_fem_candidate_pct","mean_incumbent_candidate_pct","mean_win_candidate_pct","mean_win_male_candidate_pct","mean_win_fem_candidate_pct","mean_win_incumbent_candidate_pct","med_candidate_pct","med_male_candidate_pct","med_fem_candidate_pct","med_incumbent_candidate_pct","med_win_candidate_pct","med_win_male_candidate_pct","med_win_fem_candidate_pct","med_win_incumbent_candidate_pct","total_votes_fem_candidate","female_candidate_votes_pct","total_votes_incumbent_candidate","incumbent_votes_pct","total_votes_capital_district","capital_district_votes_pct"
"G-01","Kabul","FINAL",24,9,514,496,0.964980544747082,2327,2102,0.903308981521272,664,449528,146232,0.325301204819277,303296,0.674698795180723,-59,TRUE,-2300,-2685.5,0,0,25,0.757575757575758,19,0.791666666666667,6,0.666666666666667,10,0.4,8,0.421052631578947,2,0.333333333333333,0.00150602409638554,0.00159430965977695,0.00101958795299366,0.00560418928298126,0.00985761226725082,0.0111772792795999,0.00633850023431985,0.0103383993878023,0.000648457938103967,0.000711857770817391,0.000359265718709402,0.00376617251873076,0.00837322702923956,0.00894382552366037,0.00483618373049065,0.00817412930896407,46750,0.103997971205353,62981,0.140104732074532,350078,0.778767952163158
"G-01","Kabul","PRELIMINARY",24,9,514,497,0.966926070038911,2327,2086,0.896433175762785,664,447173,145258,0.324836249057971,301915,0.675163750942029,-42,TRUE,-2222.54668674699,-2610,0,0,25,0.757575757575758,19,0.791666666666667,6,0.666666666666667,10,0.4,8,0.421052631578947,2,0.333333333333333,0.00150602409638554,0.00159326348596939,0.00102535216554123,0.00555990634497163,0.00984352269872639,0.0111367226256207,0.00639498956034167,0.0102287034324523,0.000639573498399948,0.000707779763089453,0.000360039626721649,0.00378377048703746,0.00833010937601331,0.00926710691387897,0.00476102090242479,0.00814897142716577,46768,0.104585920885206,62156,0.138997658624291,347275,0.77660100229665
"G-01","Kabul","NET CHANGE",0,0,0,-1,-0.00194552529182879,0,16,0.00687580575848734,0,2355,974,0.000464955761306229,1381,-0.00046495576130634,-17,TRUE,-77.4533132530119,-75.5,0,0,0,0,0,0,0,0,0,0,0,0,0,0,0,0.00000104617380756642,-0.00000576421254757189,0.000044282938009628,0.0000140895685244325,0.0000405566539792776,-0.0000564893260218231,0.000109695955349999,0.00000888443970401866,0.00000407800772793756,-0.000000773908012247234,-0.0000175979683066977,0.0000431176532262479,-0.000323281390218597,0.0000751628280658591,0.0000251578817982955,-18,-0.000587949679852331,825,0.00110707345024069,2803,0.00216694986650745
"G-02","Kapisa","FINAL",3,1,78,68,0.871794871794872,258,222,0.86046511627907,38,45271,21878,0.48326743389808,23393,0.51673256610192,-468,TRUE,-2382.65789473684,-3227,0,0,4,1,3,1,1,1,1,0.25,1,0.333333333333333,0,0,0.0263157894736842,0.0316088216068336,0.0133238015104994,0.0593702370170749,0.12081685847452,0.150309616899708,0.0323385831989574,0.146694351792538,0.00766495107243047,0.00651631287137461,0.00839389454617747,0.0352101787015971,0.112820569459477,0.146694351792538,0.0323385831989574,0.146694351792538,6635,0.146561816615493,10751,0.2374809480683,8287,0.183053168695191
"G-02","Kapisa","PRELIMINARY",3,1,78,68,0.871794871794872,258,222,0.86046511627907,38,45621,22202,0.486661844326078,23419,0.513338155673922,-468,TRUE,-2373.44736842105,-3227,0,0,4,1,3,1,1,1,1,0.25,1,0.333333333333333,0,0,0.0263157894736842,0.0316431597859011,0.0132395168891519,0.0606902522960917,0.121665461081519,0.151523786560283,0.0320904846452292,0.152670919094277,0.00760614629227768,0.00646632033493347,0.00832949738059227,0.0349400495385897,0.115506016965871,0.152670919094277,0.0320904846452292,0.152670919094277,6644,0.145634685780671,11075,0.242761009184367,8297,0.181867999386248
"G-02","Kapisa","NET CHANGE",0,0,0,0,0,0,0,0,0,-350,-324,-0.00339441042799743,-26,0.00339441042799749,0,TRUE,-9.21052631578959,0,0,0,0,0,0,0,0,0,0,0,0,0,0,0,-0.00000000000000000346944695195361,-0.0000343381790674918,0.0000842846213474704,-0.00132001527901677,-0.000848602606999371,-0.00121416966057525,0.000248098553728218,-0.00597656730173851,0.0000588047801527956,0.0000499925364411367,0.0000643971655851939,0.000270129163007365,-0.00268544750639363,-0.00597656730173851,0.000248098553728218,-0.00597656730173851,-9,0.000927130834822182,-324,-0.00528006111606705,-10,0.00118516930894361
"G-03","Parwan","FINAL",4,2,147,146,0.993197278911565,417,407,0.976019184652278,57,111943,58469,0.522310461574194,53474,0.477689538425806,-4586,TRUE,-10397.0877192982,-11872,1,1,5,0.833333333333333,3,0.75,2,1,4,0.8,3,1,1,0.5,0.0175438596491228,0.0201375777812388,0.00669740200572857,0.0732890846234244,0.087051743595699,0.122803569673852,0.0155480914393933,0.0885919619806509,0.00436829457849084,0.0047836845537461,0.00419856534128976,0.110422268475921,0.111288780897421,0.114473437374378,0.0155480914393933,0.111288780897421,8247,0.0736714220630142,41021,0.366445423117122,34809,0.310952895670118
"G-03","Parwan","PRELIMINARY",4,2,147,145,0.986394557823129,417,400,0.959232613908873,57,123255,58392,0.473749543629062,64863,0.526250456370938,-809,TRUE,-10160.6315789474,-11744,1,1,5,0.833333333333333,3,0.75,2,1,3,0.6,2,0.666666666666667,1,0.5,0.0175438596491228,0.0202695719196505,0.0061454265178252,0.0643706137682041,0.0789582572715103,0.111484321122875,0.0139061295687802,0.0724919881546388,0.0046975781915541,0.00478276743336984,0.0037402133787676,0.0934160885968115,0.102137844306519,0.104304085026977,0.0139061295687802,0.0999797168471867,8332,0.0675996916960772,39670,0.321853068841021,37350,0.303030303030303
"G-03","Parwan","NET CHANGE",0,0,0,1,0.00680272108843538,0,7,0.0167865707434053,0,-11312,77,0.0485609179451323,-11389,-0.0485609179451323,-3777,TRUE,-236.456140350878,-128,0,0,0,0,0,0,0,0,1,0.2,1,0.333333333333333,0,0,0,-0.000131994138411674,0.000551975487903361,0.0089184708552203,0.00809348632418873,0.0113192485509765,0.00164196187061309,0.0160999738260121,-0.000329283613063256,0.000000917120376258893,0.000458351962522168,0.0170061798791093,0.00915093659090199,0.0101693523474014,0.00164196187061309,0.0113090640502343,-85,0.00607173036693698,1351,0.0445923542761014,-2541,0.00792259263981476
"G-04","Wardak","FINAL",3,2,147,95,0.646258503401361,388,203,0.52319587628866,37,81204,32208,0.396630707846904,48996,0.603369292153096,-432,TRUE,-3275.2972972973,-4141,1,1,4,0.8,2,0.666666666666667,2,1,1,0.25,0,0,1,0.5,0.027027027027027,0.0303956701640313,0.0165468039341248,0.0400596029752229,0.0793261415693808,0.109994581547707,0.0333234816018915,0.0391113738239496,0.0163661888576917,0.0156642529924634,0.0163661888576917,0.0448931087138565,0.0673612137333136,0.105315009112852,0.0333234816018915,0.0391113738239496,12093,0.148921235407123,13012,0.160238411900892,7258,0.0893798335057386
"G-04","Wardak","PRELIMINARY",3,2,147,94,0.639455782312925,388,204,0.525773195876289,37,95500,40987,0.429183246073298,54513,0.570816753926702,-3147,TRUE,-5970.91891891892,-7179,1,1,4,0.8,2,0.666666666666667,2,1,1,0.25,0,0,1,0.5,0.027027027027027,0.0312599102468212,0.0138580570098895,0.0341361256544503,0.0858366492146597,0.124188481675393,0.0283089005235602,0.0332041884816754,0.0143769633507853,0.0148376963350785,0.0137591623036649,0.0383089005235602,0.0895497382198953,0.130973821989529,0.0283089005235602,0.0332041884816754,11911,0.124722513089005,13040,0.136544502617801,8069,0.0844921465968586
"G-04","Wardak","NET CHANGE",0,0,0,1,0.00680272108843538,0,-1,-0.00257731958762886,0,-14296,-8779,-0.0325525382263944,-5517,0.0325525382263943,2715,TRUE,2695.62162162162,3038,0,0,0,0,0,0,0,0,0,0,0,0,0,0,0.00000000000000000346944695195361,-0.000864240082789909,0.00268874692423529,0.00592347732077263,-0.00651050764527886,-0.0141939001276856,0.00501458107833132,0.00590718534227417,0.0019892255069064,0.000826556657384889,0.00260702655402682,0.00658420819029625,-0.0221885244865817,-0.0256588128766772,0.00501458107833132,0.00590718534227417,182,0.0241987223181176,-28,0.0236939092830905,-811,0.00488768690888
"G-05","Logar","FINAL",3,1,54,43,0.796296296296296,271,163,0.601476014760148,40,26902,8769,0.325960895100736,18133,0.674039104899264,-77,TRUE,-1158.45,-1386.5,1,1,3,0.75,2,0.666666666666667,1,1,2,0.666666666666667,1,0.5,1,1,0.025,0.0280648278938369,0.0127406884246524,0.0594627413079573,0.081490223775184,0.0941070056749188,0.0436398780759795,0.0876143037692365,0.0165229350977622,0.0206490223775184,0.00908854360270612,0.0436398780759795,0.0753661437811315,0.0826704334250242,0.0436398780759795,0.0876143037692365,2742,0.10192550739722,4799,0.178388223923872,7488,0.278343617574902
"G-05","Logar","PRELIMINARY",3,1,54,47,0.87037037037037,271,185,0.682656826568266,40,36969,12630,0.341637588249615,24339,0.658362411750385,-1480,TRUE,-2530.775,-2887,1,1,3,0.75,2,0.666666666666667,1,1,2,0.666666666666667,1,0.5,1,1,0.025,0.0285830695988531,0.0106677216045876,0.0507181692769618,0.0854093970624036,0.102915054955954,0.0328924233817523,0.0749005923882172,0.0153642240796343,0.0210581838837945,0.00914279531499364,0.0328924233817523,0.0959182017365901,0.0983797235521653,0.0328924233817523,0.0749005923882172,3155,0.085341772836701,5625,0.152154507830885,8277,0.22389028645622
"G-05","Logar","NET CHANGE",0,0,0,-4,-0.0740740740740741,0,-22,-0.0811808118081181,0,-10067,-3861,-0.0156766931488785,-6206,0.0156766931488785,1403,TRUE,1372.325,1500.5,0,0,0,0,0,0,0,0,0,0,0,0,0,0,0,-0.000518241705016204,0.00207296682006481,0.0087445720309955,-0.00391917328721963,-0.00880804928103525,0.0107474546942272,0.0127137113810193,0.00115871101812796,-0.00040916150627613,-0.0000542517122875241,0.0107474546942272,-0.0205520579554586,-0.0157092901271412,0.0107474546942272,0.0127137113810193,-413,0.0165837345605185,-826,0.0262337160929865,-789,0.0544533311186814
"G-06","Ghazni","FINAL",8,3,197,158,0.802030456852792,653,444,0.679938744257274,83,179316,84096,0.468982132101988,95220,0.531017867898012,-10,TRUE,-4077.56626506024,-5288,0,0,9,0.818181818181818,6,0.75,3,1,2,0.222222222222222,1,0.166666666666667,1,0.333333333333333,0.0120481927710843,0.0120178105371842,0.0122117894151622,0.0170784784650809,0.0426347392819989,0.0473681935800486,0.0300121944871995,0.0488913426576546,0.00529790983515135,0.00510551205692743,0.0087108791184278,0.0087108791184278,0.0382787927457672,0.0429297999063106,0.0347319815298133,0.0488913426576546,28467,0.158753262397109,27562,0.153706306185728,22030,0.122855740703562
"G-06","Ghazni","PRELIMINARY",8,3,197,159,0.807106598984772,653,433,0.663093415007657,83,177028,83842,0.47360869466977,93186,0.52639130533023,-40,TRUE,-4107.13253012048,-5290,0,0,9,0.818181818181818,6,0.75,3,1,2,0.222222222222222,1,0.166666666666667,1,0.333333333333333,0.0120481927710843,0.0120005229196995,0.0123048765862332,0.0170600758699816,0.04305533587907,0.0478201188512552,0.0303492479532428,0.0503620896129426,0.00536638271911788,0.00516867388209775,0.00881781413109791,0.00876697471586416,0.0386718485211379,0.0433886164900468,0.0350227082721377,0.0503620896129426,28318,0.159963395621032,27181,0.153540682829835,21996,0.124251530831281
"G-06","Ghazni","NET CHANGE",0,0,0,-1,-0.00507614213197971,0,11,0.0168453292496171,0,2288,254,-0.00462656256778221,2034,0.00462656256778216,30,TRUE,29.5662650602408,2,0,0,0,0,0,0,0,0,0,0,0,0,0,0,0,0.0000172876174846098,-0.0000930871710709755,0.0000184025950992414,-0.00042059659707111,-0.000451925271206535,-0.000337053466043298,-0.00147074695528794,-0.0000684728839665267,-0.0000631618251703131,-0.000106935012670102,-0.0000560955974363529,-0.000393055775370653,-0.00045881658373613,-0.00029072674232445,-0.00147074695528794,149,-0.00121013322392269,381,0.000165623355893152,34,-0.00139579012771851
"G-07","Paktika","FINAL",3,1,184,99,0.53804347826087,452,191,0.422566371681416,22,43326,20854,0.481327609287726,22472,0.518672390712274,-725,TRUE,-1910.63636363636,-2579.5,2,2,2,0.5,2,0.666666666666667,0,0,1,0.5,1,0.5,0,NA,0.0454545454545455,0.0517567226308887,0.0240271430549785,0.0734893597378018,0.120331902321931,0.142685685269815,0.0532705534782809,0.0917462955269353,0.0300166181969256,0.0316438166458939,0.0222730000461617,0.0734893597378018,0.0906499561464248,0.0917462955269353,0.0532705534782809,0.0917462955269353,5205,0.120135715274893,6368,0.146978719475604,2824,0.065180261274985
"G-07","Paktika","PRELIMINARY",3,1,184,101,0.548913043478261,452,189,0.418141592920354,22,55416,24734,0.446333188970694,30682,0.553666811029306,-594,TRUE,-2079.09090909091,-2859.5,2,2,2,0.5,2,0.666666666666667,0,0,0,0,0,0,0,NA,0.0454545454545455,0.0533685323414771,0.0185469900389779,0.0587375487223906,0.111583297242674,0.135767046821616,0.0390320485058467,NA,0.0313718059766133,0.0413238053991627,0.0174317886530966,0.0587375487223906,0.110094557528512,0.137216688321063,0.0390320485058467,NA,5139,0.0927349501948896,6510,0.117475097444781,2959,0.0533961310812762
"G-07","Paktika","NET CHANGE",0,0,0,-2,-0.0108695652173914,0,2,0.00442477876106195,0,-12090,-3880,0.0349944203170312,-8210,-0.0349944203170313,-131,TRUE,168.454545454545,280,0,0,0,0,0,0,0,0,1,0.5,1,0.5,0,NA,0,-0.00161180971058842,0.00548015301600063,0.0147518110154111,0.0087486050792578,0.00691863844819901,0.0142385049724343,NA,-0.00135518777968762,-0.00967998875326877,0.00484121139306508,0.0147518110154111,-0.0194446013820868,-0.0454703927941272,0.0142385049724343,NA,66,0.0274007650800031,-142,0.0295036220308223,-135,0.0117841301937088
"G-08","Paktia","FINAL",5,1,127,75,0.590551181102362,421,203,0.482185273159145,58,80593,22205,0.275520206469545,58388,0.724479793530456,-298,TRUE,-2518.46551724138,-3068.5,2,2,4,0.666666666666667,3,0.6,1,1,1,0.25,1,0.333333333333333,0,0,0.0172413793103448,0.0173127072930394,0.0164853026937823,0.0362841686002506,0.0551040412939089,0.0576818085937985,0.0447929720943506,0.073418286947998,0.0104165374164009,0.0105468216842654,0.00713461466876776,0.0348293276090976,0.0508604965691809,0.0543037236484558,0.0447929720943506,0.073418286947998,6643,0.0824265134689117,11697,0.145136674401003,12411,0.153996004615785
"G-08","Paktia","PRELIMINARY",5,1,127,82,0.645669291338583,421,213,0.505938242280285,58,89002,24382,0.273948900024719,64620,0.726051099975281,-255,TRUE,-2564.48275862069,-3265.5,2,2,4,0.666666666666667,3,0.6,1,1,1,0.25,1,0.333333333333333,0,0,0.0172413793103448,0.0173667922662751,0.0159120019774837,0.0346171996134918,0.0547897800049437,0.0576897148378688,0.0431900406732433,0.0705939192377699,0.00936495809082942,0.00941551875238759,0.00523583739691243,0.0329992584436305,0.0518527673535426,0.0563919911912092,0.0431900406732433,0.0705939192377699,7081,0.0795600098874183,12324,0.138468798453967,12248,0.137614885058763
"G-08","Paktia","NET CHANGE",0,0,0,-7,-0.0551181102362205,0,-10,-0.0237529691211402,0,-8409,-2177,0.00157130644482595,-6232,-0.00157130644482595,-43,TRUE,46.0172413793102,197,0,0,0,0,0,0,0,0,0,0,0,0,0,0,0,-0.000054084973235724,0.000573300716298686,0.00166696898675881,0.000314261288965195,-0.00000790624407034229,0.00160293142110732,0.00282436771022804,0.00105157932557151,0.0011313029318778,0.00189877727185533,0.00183006916546709,-0.000992270784361676,-0.00208826754275337,0.00160293142110732,0.00282436771022804,-438,0.00286650358149343,-627,0.00666787594703522,163,0.0163811195570228
"G-09","Khost","FINAL",4,1,103,77,0.747572815533981,401,247,0.615960099750623,56,34278,14705,0.428992356613571,19573,0.571007643386429,-66,TRUE,-1563.89285714286,-1850,0,0,3,0.6,2,0.5,1,1,2,0.666666666666667,1,0.5,1,1,0.0178571428571429,0.0173769490292178,0.0227551199019779,0.0490013030709687,0.0857984713227143,0.0918592099889142,0.0615555166579147,0.0625182332691522,0.00951047318980104,0.00933543380593967,0.0147324814749985,0.0615555166579147,0.0775716202812299,0.0801972110391505,0.0615555166579147,0.0625182332691522,3900,0.11377559950989,5039,0.147003909212906,12499,0.364636209813875
"G-09","Khost","PRELIMINARY",4,1,103,90,0.87378640776699,401,282,0.703241895261845,56,46161,18685,0.404778925933147,27476,0.595221074066853,-414,TRUE,-2245.69642857143,-2682,0,0,3,0.6,2,0.5,1,1,2,0.666666666666667,1,0.5,1,1,0.0178571428571429,0.0177562673863982,0.0188860726587379,0.0466844305799268,0.0809557851866294,0.0887437447195685,0.0498039470548732,0.0598340590541799,0.0084053638352722,0.00747384155455904,0.0139944975195511,0.0498039470548732,0.0698641710534867,0.0730920040727021,0.0498039470548732,0.0598340590541799,4359,0.0944303632936895,6465,0.14005329173978,15106,0.327245943545417
"G-09","Khost","NET CHANGE",0,0,0,-13,-0.12621359223301,0,-35,-0.0872817955112219,0,-11883,-3980,0.0242134306804244,-7903,-0.0242134306804244,348,TRUE,681.803571428571,832,0,0,0,0,0,0,0,0,0,0,0,0,0,0,0,-0.000379318357180396,0.00386904724324005,0.00231687249104197,0.00484268613608486,0.00311546526934571,0.0117515696030415,0.0026841742149723,0.00110510935452884,0.00186159225138063,0.000737983955447405,0.0117515696030415,0.00770744922774325,0.00710520696644842,0.0117515696030415,0.0026841742149723,-459,0.0193452362162002,-1426,0.00695061747312589,-2607,0.0373902662684577
"G-10","Nangerhar","FINAL",10,4,375,338,0.901333333333333,999,817,0.817817817817818,160,291224,100383,0.344693431860012,190841,0.655306568139988,-255,TRUE,-3354.85,-3980.5,0,0,12,0.857142857142857,9,0.9,3,0.75,6,0.5,4,0.444444444444444,2,0.666666666666667,0.00625,0.00671708537273108,0.00360318288785723,0.0182042002032799,0.0246209594185723,0.0296366370903497,0.0120817652391286,0.0283991017223855,0.00410165370985908,0.00458066642859105,0.00198472653352746,0.0140132681372414,0.0223642282229487,0.0257207510370024,0.0112095843749142,0.0257207510370024,25184,0.0864763893085735,63618,0.218450402439359,39695,0.136304013405489
"G-10","Nangerhar","PRELIMINARY",10,4,375,338,0.901333333333333,999,803,0.803803803803804,160,287128,98543,0.343202334847176,188585,0.656797665152824,-42,TRUE,-3155.45,-3758.5,0,0,12,0.857142857142857,9,0.9,3,0.75,6,0.5,4,0.444444444444444,2,0.666666666666667,0.00625,0.00672153595772822,0.00357796290620676,0.0181675652206217,0.024514452489084,0.0295352595358168,0.0119624348722521,0.0283189611137425,0.00414971719929787,0.00460770109498203,0.00197472904070658,0.0139780864283525,0.0224899696302694,0.0254851494803711,0.011092613747179,0.0254851494803711,24656,0.0858711097489621,62597,0.21801078264746,39773,0.138520102532668
"G-10","Nangerhar","NET CHANGE",0,0,0,0,0,0,14,0.014014014014014,0,4096,1840,0.0014910970128354,2256,-0.00149109701283534,-213,TRUE,-199.4,-222,0,0,0,0,0,0,0,0,0,0,0,0,0,0,0,-0.00000445058499714233,0.0000252199816504722,0.0000366349826582506,0.000106506929488239,0.000101377554532919,0.000119330366876544,0.0000801406086429826,-0.000048063489438796,-0.0000270346663909784,0.00000999749282087296,0.0000351817088889254,-0.000125741407320766,0.000235601556631319,0.000116970627735196,0.000235601556631319,528,0.000605279559611344,1021,0.000439619791899021,-78,-0.0022160891271798
"G-11","Kunarha","FINAL",3,1,85,78,0.917647058823529,313,249,0.795527156549521,27,70677,23577,0.33358801307356,47100,0.66641198692644,-562,TRUE,-3235.33333333333,-3382,0,0,3,0.75,2,0.666666666666667,1,1,1,0.333333333333333,1,0.5,0,0,0.037037037037037,0.0373666114860563,0.0329173564242964,0.062174870655706,0.08339700326839,0.0992260565672001,0.0359098433719598,0.118270441586372,0.0349618687833383,0.0349618687833383,0.0329173564242964,0.0383293009041131,0.0897038640576142,0.0965943659181912,0.0359098433719598,0.118270441586372,4653,0.0658347128485929,13183,0.186524611967118,11919,0.168640434653423
"G-11","Kunarha","PRELIMINARY",3,1,85,81,0.952941176470588,313,255,0.814696485623003,27,73768,24908,0.337653182951958,48860,0.662346817048043,-603,TRUE,-3455.85185185185,-3631,0,0,3,0.75,2,0.666666666666667,1,1,1,0.333333333333333,1,0.5,0,0,0.037037037037037,0.0374520117123956,0.0318498535950548,0.0602881104724723,0.0844132957379894,0.100996818855511,0.0346627263854246,0.11353161262336,0.0346627263854246,0.035055850775404,0.0318498535950548,0.0382957379893721,0.0947294219715866,0.105574232729639,0.0346627263854246,0.11353161262336,4699,0.0636997071901095,13342,0.180864331417417,11919,0.161574124281531
"G-11","Kunarha","NET CHANGE",0,0,0,-3,-0.0352941176470588,0,-6,-0.0191693290734825,0,-3091,-1331,-0.0040651698783975,-1760,0.00406516987839745,41,TRUE,220.518518518518,249,0,0,0,0,0,0,0,0,0,0,0,0,0,0,0,-0.0000854002263393355,0.00106750282924168,0.00188676018323374,-0.00101629246959938,-0.0017707622883109,0.00124711698653519,0.00473882896301207,0.000299142397913711,-0.0000939819920656865,0.00106750282924168,0.0000335629147409922,-0.00502555791397238,-0.00897986681144766,0.00124711698653519,0.00473882896301207,-46,0.00213500565848336,-159,0.00566028054970125,0,0.00706631037189204
"G-12","Laghman","FINAL",3,1,91,84,0.923076923076923,289,240,0.830449826989619,59,72122,24483,0.339466459610105,47639,0.660533540389895,-584,TRUE,-3979.59322033898,-4592,1,1,3,0.75,2,0.666666666666667,1,1,2,0.666666666666667,1,0.5,1,1,0.0169491525423729,0.0171794907347166,0.0152380688278195,0.0548884760082453,0.0848666149025263,0.102358965826424,0.0323895621308339,0.0731468899919581,0.00845789079615097,0.00798646737472616,0.011993566456837,0.0323895621308339,0.0930160006655389,0.113904217853082,0.0323895621308339,0.0731468899919581,7693,0.106666481794737,11876,0.164665428024736,24548,0.340367710268711
"G-12","Laghman","PRELIMINARY",3,1,91,84,0.923076923076923,289,242,0.837370242214533,59,72584,24704,0.340350490466218,47880,0.659649509533782,-597,TRUE,-3984.76271186441,-4605,1,1,3,0.75,2,0.666666666666667,1,1,1,0.333333333333333,1,0.5,0,0,0.0169491525423729,0.0171252511678776,0.0156409913243375,0.0548559829530842,0.0850876226165546,0.101923288879092,0.034580623828943,0.113509864432933,0.00840405599030089,0.00793563319739888,0.0119310040780337,0.0328033726441089,0.0926788272897608,0.113509864432933,0.034580623828943,0.113509864432933,7947,0.109486939270363,11945,0.164567948859253,24993,0.344332084205886
"G-12","Laghman","NET CHANGE",0,0,0,0,0,0,-2,-0.00692041522491349,0,-462,-221,-0.000884030856113383,-241,0.000884030856113327,13,TRUE,5.16949152542384,13,0,0,0,0,0,0,0,0,1,0.333333333333333,0,0,1,1,0,0.0000542395668389588,-0.000402922496517986,0.0000324930551610439,-0.000221007714028332,0.000435676947331931,-0.00219106169810915,-0.0403629744409748,0.000053834805850075,0.0000508341773272827,0.0000625623788032999,-0.000413810513275027,0.000337173375778127,0.000394353420149401,-0.00219106169810915,-0.0403629744409748,-254,-0.00282045747562591,-69,0.0000974791654831386,-445,-0.00396437393717419
"G-13","Nooristan","FINAL",1,1,32,16,0.5,99,35,0.353535353535354,18,14449,5610,0.388262163471521,8839,0.611737836528479,-1088,TRUE,-2546.27777777778,-2908,1,1,1,0.5,0,0,1,1,0,0,0,NA,0,0,0.0555555555555556,0.0586061319122431,0.0517423351096962,0.028929337670427,0.19413108173576,0.156481417399128,0.231780746072393,NA,0.0305211433317185,0.0549518997854523,0.0252612637552772,0.028929337670427,0.19413108173576,0.156481417399128,0.231780746072393,NA,5981,0.413938680877569,418,0.028929337670427,966,0.0668558377742404
"G-13","Nooristan","PRELIMINARY",1,1,32,23,0.71875,99,47,0.474747474747475,18,23981,8084,0.337100204328427,15897,0.662899795671573,-684,TRUE,-3051.72222222222,-3456,1,1,1,0.5,0,0,1,1,0,0,0,NA,0,0,0.0555555555555556,0.0573162086651933,0.0533547391685084,0.0540427838705642,0.168550102164213,0.154288811976148,0.182811392352279,NA,0.0386973020307744,0.0426796213669155,0.0386973020307744,0.0540427838705642,0.168550102164213,0.154288811976148,0.182811392352279,NA,10236,0.426837913348067,1296,0.0540427838705642,3555,0.148242358533839
"G-13","Nooristan","NET CHANGE",0,0,0,-7,-0.21875,0,-12,-0.121212121212121,0,-9532,-2474,0.0511619591430938,-7058,-0.0511619591430938,-404,TRUE,505.444444444444,548,0,0,0,0,0,0,0,0,0,0,0,NA,0,0,0,0.00128992324704978,-0.00161240405881223,-0.0251134462001372,0.0255809795715469,0.00219260542298019,0.0489693537201137,NA,-0.00817615869905591,0.0122722784185368,-0.0134360382754972,-0.0251134462001372,0.0255809795715469,0.00219260542298019,0.0489693537201137,NA,-4255,-0.0128992324704978,-878,-0.0251134462001372,-2589,-0.0813865207595989
"G-14","Badakhshan","FINAL",7,2,277,264,0.953068592057762,710,648,0.912676056338028,93,231040,85616,0.370567867036011,145424,0.629432132963989,-171,TRUE,-5497.69892473118,-6520,1,1,7,0.777777777777778,5,0.714285714285714,2,1,3,0.428571428571429,2,0.4,1,0.5,0.010752688172043,0.0110458750044969,0.00934172654085873,0.032678324099723,0.0411742074484457,0.0406590077166601,0.0429774065096953,0.0589955563250231,0.00632790858725762,0.00697281855955679,0.00424601800554017,0.0204423476454294,0.035876904432133,0.035876904432133,0.0429774065096953,0.0700831024930748,34533,0.14946762465374,52850,0.228748268698061,17679,0.0765192174515235
"G-14","Badakhshan","PRELIMINARY",7,2,277,264,0.953068592057762,710,652,0.91830985915493,93,232415,82372,0.354417744121507,150043,0.645582255878493,-247,TRUE,-5014.91397849462,-6054,1,1,7,0.777777777777778,5,0.714285714285714,2,1,3,0.428571428571429,2,0.4,1,0.5,0.010752688172043,0.0111349184773878,0.00891320482757137,0.0309649303431977,0.0393797493468341,0.0390121119549082,0.0406664802185745,0.0557393742515185,0.00628186648882387,0.00696598756534647,0.00403588408665534,0.0183163737280296,0.0337112492739281,0.0337112492739281,0.0406664802185745,0.0660757696362111,33145,0.142611277241142,50377,0.216754512402384,16805,0.0723060043456748
"G-14","Badakhshan","NET CHANGE",0,0,0,0,0,0,-4,-0.0056338028169014,0,-1375,3244,0.0161501229145043,-4619,-0.0161501229145042,76,TRUE,-482.784946236559,-466,0,0,0,0,0,0,0,0,0,0,0,0,0,0,0,-0.0000890434728908797,0.000428521713287356,0.00171339375652533,0.00179445810161159,0.00164689576175182,0.00231092629112076,0.0032561820735046,0.0000460420984337469,0.00000683099421031584,0.00021013391888483,0.00212597391739976,0.00216565515820486,0.00216565515820486,0.00231092629112076,0.00400733285686371,1388,0.00685634741259769,2473,0.0119937562956773,874,0.00421321310584878
"G-15","Takhar","FINAL",7,2,190,184,0.968421052631579,693,655,0.945165945165945,93,215388,66120,0.306980890300295,149268,0.693019109699705,-36,TRUE,-3598,-4350,0,0,5,0.555555555555556,4,0.571428571428571,1,0.5,3,0.6,2,0.5,1,1,0.010752688172043,0.0111516845153409,0.00777835179473154,0.030350808773005,0.0341089878111439,0.0380356778066957,0.0203655728267127,0.0409013810735355,0.00726131446505841,0.00749809645848422,0.00539491522276078,0.0225917878433339,0.0326898434453173,0.0327409140713503,0.0203655728267127,0.0477138930673947,18429,0.0855618697420469,32686,0.151754043865025,54448,0.252790313295077
"G-15","Takhar","PRELIMINARY",7,2,190,185,0.973684210526316,693,656,0.946608946608947,93,218343,68599,0.314179982870987,149744,0.685820017129013,-410,TRUE,-4045.22580645161,-4829,0,0,5,0.555555555555556,4,0.571428571428571,1,0.5,3,0.6,2,0.5,1,1,0.010752688172043,0.0111658619918113,0.00767266515195233,0.0301662979807001,0.0349088869856653,0.0390983779780306,0.0202456685123865,0.0406959081200985,0.0071630416363245,0.00740348900583028,0.00532190177839454,0.0226936517314501,0.0322978066619951,0.0395982467951801,0.0202456685123865,0.0476039992122486,18428,0.0843993166714756,32933,0.1508314899035,54491,0.249566049747416
"G-15","Takhar","NET CHANGE",0,0,0,-1,-0.00526315789473686,0,-1,-0.00144300144300136,0,-2955,-2479,-0.00719909257069212,-476,0.00719909257069207,374,TRUE,447.225806451613,479,0,0,0,0,0,0,0,0,0,0,0,0,0,0,0,-0.0000141774764703811,0.000105686642779209,0.000184510792304901,-0.000799899174521349,-0.00106270017133495,0.00011990431432625,0.000205472953437008,0.0000982728287339078,0.0000946074526539473,0.0000730134443662402,-0.000101863888116168,0.000392036783322169,-0.00685733272382975,0.00011990431432625,0.000109893855146037,1,0.0011625530705713,-247,0.000922553961524519,-43,0.00322426354766103
"G-16","Baghlan","FINAL",8,2,193,145,0.751295336787565,566,371,0.65547703180212,118,121719,36472,0.29964097634716,85247,0.70035902365284,-45,TRUE,-1849.48305084746,-2274,2,2,6,0.6,4,0.5,2,1,3,0.5,1,0.25,2,1,0.00847457627118644,0.00862929416610203,0.00710790153276536,0.028231692121471,0.037455122043395,0.0408755685910444,0.0271937824004469,0.039624052120047,0.00498689604745356,0.0052949827060689,0.00290423023521389,0.0191301275889549,0.0398664136248244,0.0398664136248244,0.0271937824004469,0.0431074852734577,10382,0.0852948183931843,20618,0.169390152728826,17687,0.145310099491452
"G-16","Baghlan","PRELIMINARY",8,2,193,145,0.751295336787565,566,370,0.653710247349823,118,145167,45464,0.313184125868827,99703,0.686815874131173,-1356,TRUE,-3331.77118644068,-3878.5,2,2,6,0.6,4,0.5,2,1,3,0.5,1,0.25,2,1,0.00847457627118644,0.00863182819630897,0.00708551759927073,0.0249792767410408,0.0391480157336034,0.0432639649507119,0.0268001680822777,0.0358874032436206,0.00470837035965474,0.00499769231299124,0.00279333457328456,0.0159678163770003,0.0421101214463342,0.0421101214463342,0.0268001680822777,0.0443007019501677,12343,0.0850262111912487,21757,0.149875660446245,23748,0.163590898757982
"G-16","Baghlan","NET CHANGE",0,0,0,0,0,0,1,0.00176678445229683,0,-23448,-8992,-0.0135431495216667,-14456,0.0135431495216667,1311,TRUE,1482.28813559322,1604.5,0,0,0,0,0,0,0,0,0,0,0,0,0,0,0,-0.0000025340302069396,0.0000223839334946331,0.00325241538043026,-0.00169289369020834,-0.00238839635966754,0.000393614318169273,0.00373664887642643,0.000278525687798819,0.000297290393077652,0.000110895661929332,0.00316231121195461,-0.00224370782150983,-0.00224370782150983,0.000393614318169273,-0.00119321667671003,-1961,0.000268607201935597,-1139,0.0195144922825816,-6061,-0.0182807992665306
"G-17","Kunduz","FINAL",7,2,157,144,0.917197452229299,533,453,0.849906191369606,86,115476,37395,0.323833523849112,78081,0.676166476150889,-264,TRUE,-2286.25581395349,-2808,0,0,7,0.777777777777778,6,0.857142857142857,1,0.5,2,0.285714285714286,1,0.166666666666667,1,1,0.0116279069767442,0.0122722353445621,0.00765454870853395,0.0239245755456916,0.0359815026499013,0.0396173849358927,0.0232559146489314,0.039614292147286,0.00710970244899373,0.00761197131871558,0.00415670788735322,0.0188004433821746,0.0335480965741799,0.0351848003048252,0.0232559146489314,0.039614292147286,10607,0.0918545845024074,19339,0.167472028819841,33110,0.286726246146385
"G-17","Kunduz","PRELIMINARY",7,2,157,144,0.917197452229299,533,446,0.836772983114446,86,114706,37474,0.326696075183513,77232,0.673303924816487,-283,TRUE,-2313.20930232558,-2840.5,0,0,7,0.777777777777778,6,0.857142857142857,1,0.5,2,0.285714285714286,1,0.166666666666667,1,1,0.0116279069767442,0.012284284005031,0.00758024863564243,0.0248648096624663,0.0362995639092792,0.0400377611334318,0.023215873624745,0.0407345736055655,0.00703101842972469,0.00765435112374244,0.00421076491203599,0.0189528010740502,0.0336861192962879,0.0339999651282409,0.023215873624745,0.0407345736055655,10434,0.0909629836277091,19965,0.174053667637264,32808,0.286018168186494
"G-17","Kunduz","NET CHANGE",0,0,0,0,0,0,7,0.0131332082551595,0,770,-79,-0.00286255133440111,849,0.00286255133440116,19,TRUE,26.953488372093,32.5,0,0,0,0,0,0,0,0,0,0,0,0,0,0,0,-0.0000120486604688955,0.0000743000728915264,-0.000940234116774661,-0.000318061259377903,-0.000420376197539131,0.0000400410241863762,-0.00112028145827953,0.0000786840192690428,-0.0000423798050268598,-0.000054057024682772,-0.000152357691875531,-0.000138022722107986,0.00118483517658435,0.0000400410241863762,-0.00112028145827953,173,0.00089160087469832,-626,-0.0065816388174226,302,0.000708077959891251
"G-18","Samangan","FINAL",3,1,96,92,0.958333333333333,292,256,0.876712328767123,37,84265,26122,0.309998219901501,58143,0.690001780098499,-88,TRUE,-3727.56756756757,-4616,1,1,3,0.75,2,0.666666666666667,1,1,0,0,0,0,0,0,0.027027027027027,0.0273649350264048,0.0248644158310093,0.0194505429300421,0.0774995549753753,0.0892462271801262,0.0422595383611227,NA,0.0164837120987361,0.0159615498724263,0.0301904705393698,0.0281611582507565,0.0809529460630155,0.0906426155580609,0.0422595383611227,NA,10476,0.124322079155047,4917,0.0583516287901264,16056,0.190541743309796
"G-18","Samangan","PRELIMINARY",3,1,96,92,0.958333333333333,292,255,0.873287671232877,37,103431,39283,0.379799093115217,64148,0.620200906884783,-1633,TRUE,-4842.56756756757,-5900,1,1,3,0.75,2,0.666666666666667,1,1,1,0.333333333333333,1,0.5,0,0,0.027027027027027,0.028084846419352,0.020256982916147,0.0776137392722362,0.0949497732788042,0.115123447838011,0.0344287496011834,0.185302278813895,0.0168034728466321,0.0151163577650801,0.0245961075499608,0.0245961075499608,0.0800340323500691,0.0862217323626379,0.0344287496011834,0.185302278813895,10476,0.101284914580735,24083,0.232841217816709,25619,0.247691697846874
"G-18","Samangan","NET CHANGE",0,0,0,0,0,0,1,0.00342465753424648,0,-19166,-13161,-0.0698008732137157,-6005,0.0698008732137156,1545,TRUE,1115,1284,0,0,0,0,0,0,0,0,-1,-0.333333333333333,-1,-0.5,0,0,0.00000000000000000346944695195361,-0.000719911392947237,0.00460743291486232,-0.0581631963421941,-0.0174502183034289,-0.025877220657885,0.00783078875993926,NA,-0.000319760747895921,0.000845192107346175,0.005594362989409,0.0035650507007957,0.000918913712946362,0.004420883195423,0.00783078875993926,NA,0,0.0230371645743116,-19166,-0.174489589026582,-9563,-0.0571499545370773
"G-19","Balkh","FINAL",8,3,297,282,0.94949494949495,937,843,0.899679829242263,80,254569,135333,0.531616182645962,119236,0.468383817354038,-166,TRUE,-7604.8875,-9520.5,0,0,8,0.727272727272727,5,0.625,3,1,5,0.625,3,0.6,2,0.666666666666667,0.0125,0.0137981879533286,0.00637997107716516,0.0332635749050356,0.0483287438769057,0.0612446920088463,0.0138862155250639,0.0436423916502009,0.00497507551980013,0.00497507551980013,0.00534629118235135,0.0235967458724354,0.0556744929665434,0.0631871908991275,0.0126841838558505,0.0556744929665434,22738,0.0893195950803122,67743,0.266108599240285,74185,0.291414115622876
"G-19","Balkh","PRELIMINARY",8,3,297,281,0.946127946127946,937,847,0.903948772678762,80,255910,136008,0.531468094251885,119902,0.468531905748115,-103,TRUE,-7662.125,-9591,0,0,8,0.727272727272727,5,0.625,3,1,5,0.625,3,0.6,2,0.666666666666667,0.0125,0.0137924909680605,0.00640682829342905,0.0334844281192607,0.0483152812956259,0.0611743386346763,0.0140244617248251,0.0437216208823414,0.00496268219295846,0.00496268219295846,0.00532999882771287,0.024416787151733,0.0554765347192372,0.0620647884021726,0.0126177171661912,0.0554765347192372,22954,0.0896955961080067,68552,0.267875424954085,74546,0.29129772185534
"G-19","Balkh","NET CHANGE",0,0,0,1,0.00336700336700335,0,-4,-0.00426894343649953,0,-1341,-675,0.000148088394076984,-666,-0.000148088394076984,-63,TRUE,57.2375000000002,70.5,0,0,0,0,0,0,0,0,0,0,0,0,0,0,0.00000000000000000173472347597681,0.00000569698526809923,-0.0000268572162638939,-0.00022085321422511,0.0000134625812797246,0.0000703533741700721,-0.000138246199761202,-0.0000792292321405222,0.0000123933268416703,0.0000123933268416703,0.0000162923546384794,-0.000820041279297662,0.000197958247306215,0.0011224024969549,0.0000664666896592388,0.000197958247306215,-216,-0.0003760010276945,-809,-0.00176682571380082,-361,0.000116393767536582
"G-20","Juzjan","FINAL",4,1,100,98,0.98,336,326,0.970238095238095,46,100927,28359,0.280985266578814,72568,0.719014733421186,-31,TRUE,-2973.9347826087,-3540.5,0,0,4,0.8,3,0.75,1,1,3,0.75,2,0.666666666666667,1,1,0.0217391304347826,0.0227350992881356,0.0135721858372883,0.047643346180903,0.0561970533157629,0.062671534871739,0.0302991270918585,0.0497191039067841,0.0161255164623936,0.0169033063501343,0.00720322609410762,0.0481684782070209,0.0549208834107821,0.0594290923142469,0.0302991270918585,0.0549208834107821,6849,0.0678609291864417,19234,0.190573384723612,43487,0.430875781505445
"G-20","Juzjan","PRELIMINARY",4,1,100,98,0.98,336,328,0.976190476190476,46,101861,28581,0.280588252618765,73280,0.719411747381235,-46,TRUE,-3168.63043478261,-3755,0,0,4,0.8,3,0.75,1,1,3,0.75,2,0.666666666666667,1,1,0.0217391304347826,0.0227483603313075,0.0134634452832782,0.0474936432982201,0.056117650523753,0.0626392829444046,0.0300311208411463,0.0492861186649781,0.0159825644751181,0.0167483138787171,0.00718626363377544,0.0482765729768999,0.0544369287558536,0.058913617576894,0.0300311208411463,0.0544369287558536,6857,0.067317226416391,19351,0.18997457319288,43487,0.426924927106547
"G-20","Juzjan","NET CHANGE",0,0,0,0,0,0,-2,-0.00595238095238093,0,-934,-222,0.000397013960049597,-712,-0.000397013960049653,15,TRUE,194.695652173913,214.5,0,0,0,0,0,0,0,0,0,0,0,0,0,0,0,-0.00001326104317197,0.000108740554010143,0.000149702882682901,0.0000794027920099222,0.0000322519273343591,0.000268006250712202,0.000432985241806016,0.000142951987275555,0.000154992471417179,0.0000169624603321827,-0.000108094769878976,0.000483954654928488,0.000515474737352924,0.000268006250712202,0.000483954654928488,-8,0.000543702770050725,-117,0.00059881153073163,0,0.00395085439889736
"G-21","Sar-i-Pul","FINAL",4,1,120,112,0.933333333333333,359,327,0.910863509749304,44,115531,38642,0.334472998589123,76889,0.665527001410877,-730,TRUE,-5252.29545454545,-6417,1,1,5,1,4,1,1,1,2,0.4,2,0.5,0,0,0.0227272727272727,0.0266164951660619,0.0110596054109051,0.0559642000848257,0.0668945997178247,0.0769295686871922,0.0267547238403545,0.0740147665994408,0.0126459564965247,0.0126199894400637,0.0126719235529858,0.0618708398611628,0.07482840103522,0.07733422198371,0.0267547238403545,0.0740147665994408,14055,0.121655659519956,32328,0.279821000424129,30235,0.261704650699812
"G-21","Sar-i-Pul","PRELIMINARY",4,1,120,112,0.933333333333333,359,327,0.910863509749304,44,127396,42344,0.332380922477943,85052,0.667619077522057,-767,TRUE,-5749.63636363636,-7148.5,1,1,5,1,4,1,1,1,1,0.2,1,0.25,0,0,0.0227272727272727,0.0269519903103375,0.0100531199780784,0.0508037928977362,0.0664761844955886,0.0770294985713837,0.0242629281924079,0.072404157116393,0.0117468366353732,0.0128496970077553,0.0114917265848221,0.0561085120411944,0.072404157116393,0.0754929511130648,0.0242629281924079,0.072404157116393,14088,0.110584319758862,32361,0.254018964488681,31046,0.243696819366385
"G-21","Sar-i-Pul","NET CHANGE",0,0,0,0,0,0,0,0,0,-11865,-3702,0.00209207611118045,-8163,-0.00209207611118045,37,TRUE,497.340909090909,731.5,0,0,0,0,0,0,0,0,1,0.2,1,0.25,0,0,0,-0.000335495144275562,0.00100648543282669,0.00516040718708952,0.000418415222236096,-0.000099929884191538,0.00249179564794661,0.00161060948304786,0.000899119861151574,-0.000229707567691639,0.00118019696816365,0.00576232781996842,0.00242424391882701,0.00184127087064521,0.00249179564794661,0.00161060948304786,-33,0.0110713397610936,-33,0.0258020359354477,-811,0.0180078313334271
"G-22","Faryab","FINAL",6,3,185,160,0.864864864864865,600,492,0.82,92,187561,51592,0.275067844594559,135969,0.724932155405441,-232,TRUE,-4867.29347826087,-5694,1,1,7,0.777777777777778,4,0.666666666666667,3,1,4,0.571428571428571,2,0.5,2,0.666666666666667,0.0108695652173913,0.0115289321808931,0.00546275611667671,0.0227842065857432,0.0305630938438398,0.0410444246582889,0.00960043221494163,0.0239335469527247,0.00646189772927208,0.0069790628115653,0.00561950512100064,0.0276123501154291,0.0384994748375195,0.0401042860722645,0.00838660489120873,0.0250211931051764,10246,0.0546275611667671,29914,0.159489446100202,19825,0.10569894594292
"G-22","Faryab","PRELIMINARY",6,3,185,162,0.875675675675676,600,499,0.831666666666667,92,198922,52783,0.265345210685595,146139,0.734654789314405,-322,TRUE,-5083.80434782609,-5937,1,1,7,0.777777777777778,4,0.666666666666667,3,1,3,0.428571428571429,1,0.25,2,0.666666666666667,0.0108695652173913,0.0115606043403212,0.00520304440936649,0.0215080713617829,0.0294828011872884,0.0396855718992034,0.00907725976345837,0.0185834983896536,0.00658046872643549,0.00726164024089844,0.00536139793486894,0.0255828917867305,0.0370597520636229,0.0380601441771146,0.00790762208302752,0.012512442062718,10350,0.0520304440936649,29949,0.15055649953248,20309,0.10209529363268
"G-22","Faryab","NET CHANGE",0,0,0,-2,-0.0108108108108108,0,-7,-0.0116666666666667,0,-11361,-1191,0.00972263390896322,-10170,-0.00972263390896322,90,TRUE,216.510869565217,243,0,0,0,0,0,0,0,0,1,0.142857142857143,1,0.25,0,0,0,-0.0000316721594280766,0.000259711707310223,0.00127613522396029,0.00108029265655147,0.00135885275908557,0.000523172451483254,0.00535004856307114,-0.000118570997163411,-0.000282577429333139,0.000258107186131692,0.00202945832869864,0.0014397227738966,0.00204414189514984,0.000478982808181209,0.0125087510424584,-104,0.00259711707310222,-35,0.00893294656772201,-484,0.00360365231023975
"G-23","Badghis","FINAL",3,1,112,75,0.669642857142857,294,181,0.615646258503401,40,62112,13659,0.219909196290572,48453,0.780090803709428,-57,TRUE,-1708.2,-2056,1,1,3,0.75,2,0.666666666666667,1,1,0,0,0,0,0,0,0.025,0.0250752225370657,0.0243229971664091,0.0266668813326464,0.054977299072643,0.0625536664949339,0.0322481968057702,NA,0.0194004379185987,0.0192072385368367,0.024906620298815,0.0314753992787223,0.0568569680577022,0.0612120041215868,0.0322481968057702,NA,6043,0.0972919886656363,4969,0.0800006439979392,19826,0.319197578567749
"G-23","Badghis","PRELIMINARY",3,1,112,74,0.660714285714286,294,180,0.612244897959184,40,61931,13594,0.219502349388836,48337,0.780497650611164,-45,TRUE,-1641.725,-1982.5,1,1,3,0.75,2,0.666666666666667,1,1,0,0,0,0,0,0,0.025,0.0250632872784945,0.0244304144935493,0.0266963771509153,0.054875587347209,0.0623866345879554,0.0323424456249697,NA,0.0194975052881433,0.019287594258126,0.0250520740824466,0.0316481245256818,0.0564499200723386,0.0613909027788991,0.0323424456249697,NA,6052,0.0977216579741971,4960,0.0800891314527458,19841,0.320372672813292
"G-23","Badghis","NET CHANGE",0,0,0,1,0.0089285714285714,0,1,0.00340136054421769,0,181,65,0.000406846901735924,116,-0.000406846901735869,-12,TRUE,-66.4750000000001,-73.5,0,0,0,0,0,0,0,0,0,0,0,0,0,0,0,0.0000119352585711344,-0.000107417327140209,-0.0000294958182688633,0.000101711725433974,0.000167031906978463,-0.000094248819199505,NA,-0.0000970673695445956,-0.0000803557212892964,-0.000145453783631549,-0.0001727252469595,0.000407047985363646,-0.000178898657312285,-0.000094248819199505,NA,-9,-0.000429669308560823,9,-0.0000884874548065934,-15,-0.00117509424554363
"G-24","Herat","FINAL",12,5,438,351,0.801369863013699,1321,990,0.749432248296745,151,287013,95306,0.332061613933864,191707,0.667938386066136,-97,TRUE,-3446.25165562914,-4153,6,6,16,0.941176470588235,11,0.916666666666667,5,1,7,0.4375,5,0.454545454545455,2,0.4,0.00662251655629139,0.00713315106498372,0.00392040894779447,0.0109258988268824,0.0195330361137567,0.0236580456866646,0.00963301313877769,0.0198214018180361,0.00416009030949818,0.00474542964952807,0.00253472839209374,0.00833585935131858,0.0198214018180361,0.0227637772505078,0.00728886844846749,0.0198214018180361,27005,0.0940898147470672,50174,0.174814381230118,84386,0.294014556831921
"G-24","Herat","PRELIMINARY",12,5,438,354,0.808219178082192,1321,1002,0.758516275548827,151,350577,114743,0.327297569435531,235834,0.672702430564469,-48,TRUE,-3773.29801324503,-4609,6,6,16,0.941176470588235,11,0.916666666666667,5,1,7,0.4375,4,0.363636363636364,3,0.6,0.00662251655629139,0.00715697511856663,0.00379433999758493,0.01278321167675,0.01925279820209,0.0236008542108201,0.00881746378113795,0.0156484880639631,0.0042387264424078,0.00452967536375746,0.00268842508207897,0.0140596787581615,0.0179447025903011,0.0213933030404162,0.00938452893372925,0.0174883121254389,31925,0.0910641599420384,71704,0.204531386828001,96016,0.273879917963814
"G-24","Herat","NET CHANGE",0,0,0,-3,-0.00684931506849318,0,-12,-0.00908402725208168,0,-63564,-19437,0.00476404449833306,-44127,-0.00476404449833301,-49,TRUE,327.046357615894,456,0,0,0,0,0,0,0,0,0,0,1,0.0909090909090909,-1,-0.2,0,-0.0000238240535829042,0.000126068950209533,-0.00185731284986764,0.000280237911666651,0.000057191475844532,0.000815549357639734,0.00417291375407299,-0.000078636132909626,0.000215754285770607,-0.000153696689985235,-0.00572381940684297,0.00187669922773499,0.00137047421009159,-0.00209566048526176,0.0023330896925972,-4920,0.0030256548050288,-21530,-0.0297170055978822,-11630,0.0201346388681066
"G-25","Farah","FINAL",4,1,153,106,0.69281045751634,371,259,0.69811320754717,32,37736,14733,0.390422938308247,23003,0.609577061691753,-192,TRUE,-1235.75,-1411,2,2,2,0.4,2,0.5,0,0,1,0.5,1,0.5,0,NA,0.03125,0.0314691148642813,0.0300667797328811,0.0462025651897392,0.0780845876616494,0.0726759592961628,0.0997191011235955,0.0700127199491202,0.0266058935764257,0.0308193767224931,0.0080559677761289,0.0462025651897392,0.0700127199491202,0.0670049819800721,0.0997191011235955,0.0700127199491202,5673,0.150333898664405,3487,0.0924051303794785,16370,0.433803264786941
"G-25","Farah","PRELIMINARY",4,1,153,106,0.69281045751634,371,258,0.695417789757412,32,43428,15931,0.366837063645574,27497,0.633162936354426,-192,TRUE,-1466.875,-1595.5,2,2,2,0.4,2,0.5,0,0,1,0.5,1,0.5,0,NA,0.03125,0.0322278850647645,0.0259694206502717,0.0400202634245187,0.0733674127291149,0.0702081606336925,0.0860044211108041,0.0606060606060606,0.0282882011605416,0.0312240950538823,0.00697706548770379,0.0400202634245187,0.073777286543244,0.0694022289766971,0.0860044211108041,0.0606060606060606,5639,0.129847103251359,3476,0.0800405268490375,17797,0.409804734272819
"G-25","Farah","NET CHANGE",0,0,0,0,0,0,1,0.00269541778975735,0,-5692,-1198,0.0235858746626725,-4494,-0.0235858746626725,0,TRUE,231.125,184.5,0,0,0,0,0,0,0,0,0,0,0,0,0,NA,0,-0.000758770200483212,0.00409735908260936,0.00618230176522049,0.0047171749325345,0.00246779866247027,0.0137146800127914,0.00940665934305959,-0.00168230758411589,-0.000404718331389178,0.00107890228842511,0.00618230176522049,-0.00376456659412379,-0.002397246996625,0.0137146800127914,0.00940665934305959,34,0.0204867954130468,11,0.012364603530441,-1427,0.0239985305141215
"G-26","Nimroz","FINAL",1,1,37,37,1,108,96,0.888888888888889,11,17886,6849,0.382925192888293,11037,0.617074807111707,-111,TRUE,-1854,-2206,0,0,2,1,1,1,1,1,0,0,0,0,0,0,0.0909090909090909,0.0682307391255731,0.151384695665138,0.0646874650564687,0.191462596444146,NA,0.191462596444146,NA,0.0712288941071229,0.0567482947556748,0.188359610868836,0.0646874650564687,0.191462596444146,NA,0.191462596444146,NA,8123,0.454154086995415,2314,0.129374930112937,11852,0.662641171866264
"G-26","Nimroz","PRELIMINARY",1,1,37,37,1,108,96,0.888888888888889,11,17886,6849,0.382925192888293,11037,0.617074807111707,-111,TRUE,-1854,-2206,0,0,2,1,1,1,1,1,0,0,0,0,0,0,0.0909090909090909,0.0682307391255731,0.151384695665138,0.0646874650564687,0.191462596444146,NA,0.191462596444146,NA,0.0712288941071229,0.0567482947556748,0.188359610868836,0.0646874650564687,0.191462596444146,NA,0.191462596444146,NA,8123,0.454154086995415,2314,0.129374930112937,11852,0.662641171866264
"G-26","Nimroz","NET CHANGE",0,0,0,0,0,0,0,0,0,0,0,0,0,0,0,FALSE,0,0,0,0,0,0,0,0,0,0,0,0,0,0,0,0,0,0,0,0,0,NA,0,NA,0,0,0,0,0,NA,0,NA,0,0,0,0,0,0
"G-27","Helmand","FINAL",6,2,119,107,0.899159663865546,491,394,0.80244399185336,53,33305,14488,0.43500975829455,18817,0.56499024170545,-228,TRUE,-1015.60377358491,-1173,1,1,3,0.375,2,0.333333333333333,1,0.5,2,0.666666666666667,1,0.5,1,1,0.0188679245283019,0.019682382198782,0.0135157741222897,0.0557874193064104,0.0543762197868188,0.063003553020067,0.028494220087074,0.0655457138567783,0.01414202071761,0.0147875694340189,0.00963819246359406,0.0397537907221138,0.0543461942651254,0.0559675724365711,0.028494220087074,0.0655457138567783,3151,0.0946104188560276,5574,0.167362257919231,18203,0.546554571385678
"G-27","Helmand","PRELIMINARY",6,2,119,110,0.92436974789916,491,401,0.816700610997963,53,36786,15695,0.42665688033491,21091,0.57334311966509,-77,TRUE,-1152.92452830189,-1354,1,1,3,0.375,2,0.333333333333333,1,0.5,2,0.666666666666667,1,0.5,1,1,0.0188679245283019,0.019892964951222,0.0121319446062555,0.0489225973649396,0.0533321100418638,0.0626687689157107,0.0253221334203229,0.0571548958843038,0.0134018376556299,0.0137416408416245,0.00861740879682488,0.0355570053824825,0.0521529929864622,0.0571956722666232,0.0253221334203229,0.0571548958843038,3124,0.0849236122437884,5399,0.146767792094819,18902,0.513836785733703
"G-27","Helmand","NET CHANGE",0,0,0,-3,-0.0252100840336135,0,-7,-0.0142566191446029,0,-3481,-1207,0.00835287795964035,-2274,-0.00835287795964035,-151,TRUE,137.320754716981,181,0,0,0,0,0,0,0,0,0,0,0,0,0,0,0,-0.000210582752439986,0.00138382951603418,0.00686482194147089,0.00104410974495504,0.000334784104356362,0.00317208666675107,0.00839081797247446,0.000740183061980109,0.00104592859239438,0.00102078366676918,0.00419678533963133,0.00219320127866311,-0.00122809983005209,0.00317208666675107,0.00839081797247446,27,0.00968680661223922,175,0.0205944658244127,-699,0.0327177856519748
"G-28","Kandahar","FINAL",8,3,209,152,0.727272727272727,883,539,0.610419026047565,50,75502,37699,0.499311276522476,37803,0.500688723477524,-151,TRUE,-1493.96,-2015.5,2,2,7,0.636363636363636,5,0.625,2,0.666666666666667,2,0.285714285714286,1,0.2,1,0.5,0.02,0.0230129665439326,0.00794813382426955,0.0158860503222242,0.045391934229316,0.0560332838865196,0.0170150018101066,0.0243371036528834,0.0130923684140817,0.0181452146962994,0.00640380387274509,0.00830441577706551,0.0455352176101295,0.0550382771317316,0.0124235119599481,0.0243371036528834,6001,0.0794813382426956,8396,0.111202352255569,25493,0.33764668485603
"G-28","Kandahar","PRELIMINARY",8,3,209,150,0.717703349282297,883,496,0.561721404303511,50,83409,40339,0.483628864990589,43070,0.516371135009411,-20,TRUE,-1670.82,-2228,2,2,7,0.636363636363636,5,0.625,2,0.666666666666667,2,0.285714285714286,1,0.2,1,0.5,0.02,0.0233386085434426,0.00664556582622978,0.0217499653172063,0.0439662604536899,0.0553087796280977,0.013719542655269,0.0280485319330048,0.0133199055257826,0.0181275401935043,0.00571281276600846,0.0123847546427844,0.0484120418659857,0.0565106882950281,0.0109100936349794,0.0280485319330048,5543,0.0664556582622978,12699,0.152249757220444,28402,0.340514812550204
"G-28","Kandahar","NET CHANGE",0,0,0,2,0.00956937799043067,0,43,0.0486976217440543,0,-7907,-2640,0.0156824115318877,-5267,-0.0156824115318877,-131,TRUE,176.86,212.5,0,0,0,0,0,0,0,0,0,0,0,0,0,0,0,-0.000325641999509945,0.00130256799803977,-0.00586391499498206,0.00142567377562615,0.000724504258421875,0.00329545915483756,-0.00371142828012147,-0.000227537111700843,0.0000176745027951342,0.000690991106736628,-0.00408033886571884,-0.00287682425585615,-0.00147241116329651,0.00151341832496864,-0.00371142828012147,458,0.0130256799803977,-4303,-0.0410474049648745,-2909,-0.00286812769417416
"G-29","Zabul","FINAL",2,1,30,27,0.9,160,113,0.70625,16,4705,2256,0.479489904357067,2449,0.520510095642933,-4,TRUE,-457.9375,-548,2,2,3,1,2,1,1,1,0,0,0,0,0,0,0.0625,0.0613531703861141,0.0639744952178534,0.0852284803400638,0.159829968119022,0.159404888416578,0.160680127523911,NA,0.0433581296493092,0.0178533475026567,0.0456960680127524,0.0981934112646121,0.159829968119022,0.159404888416578,0.160680127523911,NA,2107,0.447821466524973,1203,0.255685441020191,2097,0.445696068012752
"G-29","Zabul","PRELIMINARY",2,1,30,30,1,160,125,0.78125,16,14312,7024,0.490776970374511,7288,0.509223029625489,-719,TRUE,-1579.5,-1813,2,2,3,1,2,1,1,1,1,0.333333333333333,1,0.5,0,0,0.0625,0.0801503012235265,0.0398067555697517,0.10902273150736,0.16359232345817,0.18407629960872,0.122624371157071,0.195290665176076,0.0461850195640022,0.066866964784796,0.0249441028507546,0.0722470653996646,0.172861934041364,0.18407629960872,0.122624371157071,0.195290665176076,3988,0.278647288988262,4681,0.327068194522079,3925,0.274245388485187
"G-29","Zabul","NET CHANGE",0,0,0,-3,-0.1,0,-12,-0.075,0,-9607,-4768,-0.0112870660174439,-4839,0.0112870660174439,715,TRUE,1121.5625,1265,0,0,0,0,0,0,0,0,-1,-0.333333333333333,-1,-0.5,0,0,0,-0.0187971308374124,0.0241677396481017,-0.023794251167296,-0.00376235533914798,-0.0246714111921419,0.0380557563668397,NA,-0.00282688991469299,-0.0490136172821392,0.0207519651619978,0.0259463458649475,-0.0130319659223416,-0.0246714111921419,0.0380557563668397,NA,-1881,0.169174177536712,-3478,-0.0713827535018881,-1828,0.171450679527565
"G-30","Urozgan","FINAL",2,1,40,34,0.85,222,140,0.630630630630631,19,9487,3046,0.32107093917993,6441,0.67892906082007,-240,TRUE,-718.684210526316,-961,1,1,2,0.666666666666667,2,1,0,0,1,0.5,1,0.5,0,NA,0.0526315789473684,0.0618108991251186,0.0182091282808053,0.0951301781385053,0.10702364639331,0.147306840940234,0.0264572572994624,0.128386212712132,0.0270897016970591,0.0618741435648783,0.0190787393275008,0.0951301781385053,0.128386212712132,0.147306840940234,0.0264572572994624,0.128386212712132,691,0.0728365131232212,1805,0.190260356277011,4304,0.453673447876041
"G-30","Urozgan","PRELIMINARY",2,1,40,39,0.975,222,150,0.675675675675676,19,13136,4442,0.338154689403167,8694,0.661845310596833,-571,TRUE,-1175.63157894737,-1542,1,1,2,0.666666666666667,2,1,0,0,0,0,0,0,0,NA,0.0526315789473684,0.0617742590336987,0.0183465286236297,0.0951583434835566,0.112718229801056,0.156706760048721,0.0247411693057247,NA,0.0247411693057247,0.0555724725943971,0.0189174786845311,0.0951583434835566,0.14212850182704,0.156706760048721,0.0247411693057247,NA,964,0.0733861144945189,2500,0.190316686967113,5338,0.40636419001218
"G-30","Urozgan","NET CHANGE",0,0,0,-5,-0.125,0,-10,-0.045045045045045,0,-3649,-1396,-0.0170837502232365,-2253,0.0170837502232364,331,TRUE,456.947368421052,581,0,0,0,0,0,0,0,0,1,0.5,1,0.5,0,NA,-0.00000000000000000693889390390723,0.0000366400914198414,-0.000137400342824407,-0.0000281653450513314,-0.00569458340774549,-0.00939991910848709,0.00171608799373769,NA,0.00234853239133441,0.00630167097048118,0.000161260642969729,-0.0000281653450513314,-0.0137422891149078,-0.00939991910848709,0.00171608799373769,NA,-273,-0.000549601371297628,-695,-0.0000563306901026073,-1034,0.0473092578638606
"G-31","Ghor","FINAL",4,2,215,161,0.748837209302326,532,336,0.631578947368421,39,176407,72635,0.411746699394015,103772,0.588253300605985,-1121,TRUE,-7828.74358974359,-9503,0,0,5,0.833333333333333,3,0.75,2,1,3,0.6,2,0.666666666666667,1,0.5,0.0256410256410256,0.0309330968431798,0.0137338654361788,0.061809338631687,0.0686244498990025,0.0849286026064725,0.0360161444840624,0.0811343465206407,0.0161501527717154,0.0192395993356273,0.00954327209237729,0.0495842001734625,0.0729477855187152,0.0824315361635309,0.0360161444840624,0.0889873984592448,29073,0.164806385234146,54518,0.309046693158435,50007,0.283475145544111
"G-31","Ghor","PRELIMINARY",4,2,215,162,0.753488372093023,532,335,0.629699248120301,39,176661,71993,0.407520618585879,104668,0.592479381414121,-1527,TRUE,-7847.23076923077,-9506,0,0,5,0.833333333333333,3,0.75,2,1,3,0.6,2,0.666666666666667,1,0.5,0.0256410256410256,0.0309804486391283,0.0136273238952948,0.0615506535115277,0.0679201030976465,0.0841144904647885,0.0355313283633626,0.0798912417945481,0.0162514646696215,0.0192345792223524,0.0100390012509835,0.0503733138610106,0.0726278012690973,0.0815488421326722,0.0355313283633626,0.0879028195243998,28889,0.163527886743537,54368,0.307753267557639,51898,0.293771687016376
"G-31","Ghor","NET CHANGE",0,0,0,-1,-0.00465116279069766,0,1,0.00187969924812026,0,-254,642,0.0042260808081358,-896,-0.0042260808081358,406,TRUE,18.4871794871797,3,0,0,0,0,0,0,0,0,0,0,0,0,0,0,0,-0.0000473517959484818,0.000106541540884082,0.000258685120159224,0.000704346801355976,0.000814112141684045,0.000484816120699824,0.0012431047260926,-0.000101311897906072,0.00000502011327485619,-0.000495729158606234,-0.000789113687548131,0.000319984249617933,0.000882694030858749,0.000484816120699824,0.00108457893484498,184,0.00127849849060899,150,0.00129342560079609,-1891,-0.0102965414722649
"G-32","Bamyan","FINAL",3,1,166,165,0.993975903614458,329,331,1.00607902735562,43,121746,40277,0.330828117556224,81469,0.669171882443776,-1938,TRUE,-8025.6976744186,-9775,0,0,4,1,3,1,1,1,3,0.75,2,0.666666666666667,1,1,0.0232558139534884,0.0234744379192657,0.021907632831195,0.0722118180474102,0.0827070293890559,0.0949353572191284,0.0460220458988386,0.0774399158904605,0.00888735564207448,0.0071131700425476,0.0150354015737683,0.0728524961805727,0.0931488508862714,0.0971202339296568,0.0460220458988386,0.089177467842886,16003,0.13144579698717,35166,0.288847272189641,19305,0.158567837957715
"G-32","Bamyan","PRELIMINARY",3,1,166,165,0.993975903614458,329,331,1.00607902735562,43,121746,40277,0.330828117556224,81469,0.669171882443776,-1938,TRUE,-8025.6976744186,-9775,0,0,4,1,3,1,1,1,3,0.75,2,0.666666666666667,1,1,0.0232558139534884,0.0234744379192657,0.021907632831195,0.0722118180474102,0.0827070293890559,0.0949353572191284,0.0460220458988386,0.0774399158904605,0.00888735564207448,0.0071131700425476,0.0150354015737683,0.0728524961805727,0.0931488508862714,0.0971202339296568,0.0460220458988386,0.089177467842886,16003,0.13144579698717,35166,0.288847272189641,19305,0.158567837957715
"G-32","Bamyan","NET CHANGE",0,0,0,0,0,0,0,0,0,0,0,0,0,0,0,FALSE,0,0,0,0,0,0,0,0,0,0,0,0,0,0,0,0,0,0,0,0,0,0,0,0,0,0,0,0,0,0,0,0,0,0,0,0,0,0
"G-33","Panjshir","FINAL",1,1,75,70,0.933333333333333,170,160,0.941176470588235,12,21686,9838,0.453656737065388,11848,0.546343262934612,-748,TRUE,-3485.83333333333,-3952,0,0,1,0.5,0,0,1,1,1,1,0,NA,1,1,0.0833333333333333,0.0774462787051554,0.112768606474223,0.209582218943097,0.226828368532694,0.244074518122291,0.209582218943097,0.209582218943097,0.061837129945587,0.061837129945587,0.112768606474223,0.209582218943097,0.226828368532694,0.244074518122291,0.209582218943097,0.209582218943097,4891,0.225537212948446,4545,0.209582218943097,1455,0.0670939776814535
"G-33","Panjshir","PRELIMINARY",1,1,75,70,0.933333333333333,170,160,0.941176470588235,12,21686,9838,0.453656737065388,11848,0.546343262934612,-748,TRUE,-3485.83333333333,-3952,0,0,1,0.5,0,0,1,1,1,1,0,NA,1,1,0.0833333333333333,0.0774462787051554,0.112768606474223,0.209582218943097,0.226828368532694,0.244074518122291,0.209582218943097,0.209582218943097,0.061837129945587,0.061837129945587,0.112768606474223,0.209582218943097,0.226828368532694,0.244074518122291,0.209582218943097,0.209582218943097,4891,0.225537212948446,4545,0.209582218943097,1455,0.0670939776814535
"G-33","Panjshir","NET CHANGE",0,0,0,0,0,0,0,0,0,0,0,0,0,0,0,FALSE,0,0,0,0,0,0,0,0,0,0,0,0,0,NA,0,0,0,0,0,0,0,0,0,0,0,0,0,0,0,0,0,0,0,0,0,0,0,0
"G-34","Daikondi","FINAL",3,1,157,152,0.968152866242038,396,385,0.972222222222222,31,150113,47695,0.317727312091558,102418,0.682272687908442,-1484,TRUE,-5749.64516129032,-6066,0,0,4,1,3,1,1,1,3,0.75,2,0.666666666666667,1,1,0.032258064516129,0.0307621591734227,0.0384910034440721,0.0683851498537768,0.0794318280228894,0.0868545695575999,0.0571636034187579,0.0776148634695196,0.0301506198663673,0.0218635294744626,0.0386508830014722,0.0638618907089992,0.0777214498411197,0.0848827216829988,0.0571636034187579,0.0705601779992406,34668,0.230946020664433,41062,0.273540599415107,13597,0.0905784309153771
"G-34","Daikondi","PRELIMINARY",3,1,157,152,0.968152866242038,396,385,0.972222222222222,31,150254,47693,0.317415842506689,102561,0.682584157493311,-1482,TRUE,-5743.09677419355,-6064,0,0,4,1,3,1,1,1,3,0.75,2,0.666666666666667,1,1,0.032258064516129,0.0307708280644775,0.0384548830646771,0.0683176487813968,0.0793539606266722,0.086768627346582,0.0571099604669426,0.0775375918999383,0.030122326194311,0.0218430124988353,0.0386146125893487,0.0637953066141334,0.0776418597840989,0.0848030668068737,0.0571099604669426,0.0704806527613242,34668,0.230729298388063,41060,0.273270595125587,13603,0.0905333635044658
"G-34","Daikondi","NET CHANGE",0,0,0,0,0,0,0,0,0,-141,2,0.000311469584868995,-143,-0.000311469584869051,-2,TRUE,-6.5483870967746,-2,0,0,0,0,0,0,0,0,0,0,0,0,0,0,0,-0.00000866889105479926,0.0000361203793949813,0.0000675010723799885,0.0000778673962172488,0.0000859422110179309,0.0000536429518152234,0.0000772715695812887,0.0000282936720563676,0.0000205169756272681,0.0000362704121235208,0.0000665840948658181,0.0000795900570207536,0.0000796548761251153,0.0000536429518152234,0.0000795252379164058,0,0.000216722276369902,2,0.000270004289519954,-6,0.0000450674109113147
"K-01","Kuchi","FINAL",7,3,NA,NA,NA,NA,NA,NA,NA,75723,49267,0.65062134358121,26456,0.34937865641879,-1168,TRUE,-1969.78846153846,-3020.5,3,3,8,0.8,6,0.857142857142857,2,0.666666666666667,3,0.375,2,0.333333333333333,1,0.5,0.0192307692307692,0.0216556836540197,0.00904612865311728,0.0522545989989831,0.065062134358121,0.0837846964783299,0.0213761560776338,0.121662726868543,0.00535504404210082,0.00535504404210082,0.00451646131294323,0.00838582729157588,0.0515695363363839,0.0552143998520925,0.0156359362413005,0.0156359362413005,6850,0.0904612865311728,31655,0.418036791991865,35777,0.472472036237339
"K-01","Kuchi","PRELIMINARY",7,3,NA,NA,NA,NA,NA,NA,NA,108359,73775,0.680838693601824,34584,0.319161306398176,-80,TRUE,-2212.17307692308,-3552.5,3,3,8,0.8,6,0.857142857142857,2,0.666666666666667,4,0.5,4,0.666666666666667,0,0,0.0192307692307692,0.0217425409979789,0.00868132780848845,0.0511044306425862,0.0680838693601824,0.0680838693601824,NA,0.0909730617669045,0.00686145128692587,0.00838416744340572,0.00501573473361696,0.02242084183132,0.0442095257431316,0.0442095257431316,NA,0.0461336852499562,9407,0.0868132780848845,44301,0.40883544514069,46920,0.43300510340627
"K-01","Kuchi","NET CHANGE",0,0,NA,NA,NA,NA,NA,NA,NA,-32636,-24508,-0.0302173500206131,-8128,0.0302173500206131,-1088,TRUE,242.384615384616,532,0,0,0,0,0,0,0,0,-1,-0.125,-2,-0.333333333333333,1,0.5,0,-0.0000868573439592457,0.000364800844628832,0.00115016835639692,-0.00302173500206132,0.0157008271181475,NA,0.0306896651016384,-0.00150640724482505,-0.0030291234013049,-0.000499273420673731,-0.0140350145397441,0.0073600105932523,0.0110048741089609,NA,-0.0304977490086556,-2557,0.00364800844628832,-12646,0.00920134685117535,-11143,0.0394669328310688
"NATIONAL TOTAL","NATIONAL TOTAL","FINAL",184,68,5500,4691,0.852909090909091,17591,13818,0.785515320334262,2505,4000730,1476868,0.36914963019249,2523862,0.63085036980751,-521.555555555556,NA,-3320.54008603833,-2855,33,33,190,0.753968253968254,134,0.728260869565217,56,0.823529411764706,84,0.442105263157895,55,0.41044776119403,29,0.517857142857143,0.013687915526007,0.0139810012748707,0.0121351385658946,0.0349785302670649,0.0537038067270408,0.0602161179425383,0.036715168773569,0.0541750647930676,0.0045232591447776,0.00459096777738098,0.00431731110089561,0.0204796002877262,0.0403697915287012,0.0502195168425529,0.0188004433821746,0.0433736816747186,452787,0.113176095362596,796822,0.199169151629828,1144196,0.285996805582981
"NATIONAL TOTAL","NATIONAL TOTAL","PRELIMINARY",184,68,5500,4741,0.862,17591,13860,0.787902904894548,2505,4271908,1582452,0.370432134774438,2689456,0.629567865225562,-625.714285714286,NA,-3516.21509581541,-2860,33,33,190,0.753968253968254,134,0.728260869565217,56,0.823529411764706,81,0.426315789473684,53,0.395522388059701,28,0.5,0.013687915526007,0.0141428942734377,0.0112774246744714,0.0354991772617867,0.053562825238955,0.0604317393895384,0.0345171996396098,0.0532798155511651,0.00458467912154799,0.00468153365996548,0.00419827996837109,0.0207538175736545,0.0395982467951801,0.0503896919080083,0.0198645877164543,0.0460220458988386,467536,0.109444304512176,859727,0.201251290992222,1199930,0.28088853973447
"NATIONAL TOTAL","NATIONAL TOTAL","NET CHANGE",0,0,0,-50,-0.00909090909090904,0,-42,-0.00238758456028654,0,-271178,-105584,-0.00128250458194817,-165594,0.00128250458194812,104.15873015873,NA,195.675009777083,5,0,0,0,0,0,0,0,0,3,0.0157894736842105,2,0.0149253731343284,1,0.0178571428571429,0,-0.00016189299856708,0.000857713891423122,-0.000520646994721874,0.000140981488085806,-0.000215621447000193,0.00219796913395922,0.000895249241902485,-0.0000614199767703912,-0.0000905658825844924,0.000119031132524522,-0.000274217285928309,0.000771544733521166,-0.000170175065455351,-0.00106414433427968,-0.00264836422411997,-14749,0.00373179085042051,-62905,-0.00208213936239418,-55734,0.00510826584851121
